fname,label,Acoustic_guitar,Bass_drum,Cello,Clarinet,Double_bass,Flute,Hi-hat,Saxophone,Snare_drum,Violin_or_fiddle,y_pred
5388d14d.wav,Saxophone,127.41580200195312,49.41310119628906,231.73985290527344,78.35147094726562,49.190731048583984,1174.35595703125,0.0,1121.2318115234375,249.1631622314453,1098.700439453125,Flute
c685f05f.wav,Saxophone,453.5506286621094,164.01121520996094,398.9033203125,123.3415298461914,262.2959289550781,672.7836303710938,0.0,1077.6549072265625,638.0919189453125,784.610107421875,Saxophone
36d20ab5.wav,Saxophone,843.739990234375,14.679787635803223,628.3137817382812,15.194066047668457,370.3857116699219,581.5712280273438,0.0,1188.2230224609375,149.6150360107422,373.0332946777344,Saxophone
d6665734.wav,Saxophone,749.9227294921875,21.51804542541504,557.3657836914062,65.81476593017578,261.6405334472656,809.2398681640625,0.0,1204.326416015625,90.8740234375,264.3409729003906,Saxophone
7352e28f.wav,Saxophone,191.20895385742188,0.0,93.90283203125,68.77580261230469,0.0,1571.48291015625,0.0,1555.8282470703125,0.0,0.8588523864746094,Flute
8fa096bf.wav,Saxophone,1175.80908203125,68.63770294189453,525.2008056640625,28.274272918701172,339.7261047363281,853.9269409179688,0.0,1646.5087890625,302.4385986328125,562.3651733398438,Saxophone
2f9c5f62.wav,Saxophone,820.1175537109375,0.0,0.0,1426.9947509765625,16.195476531982422,779.6116943359375,0.0,819.20361328125,2.891723871231079,153.23843383789062,Clarinet
9cd05a2b.wav,Saxophone,51.85145950317383,0.0,3.843019962310791,775.2423706054688,0.0,1041.853515625,0.0,1572.142822265625,181.15069580078125,167.0974884033203,Saxophone
ab465bf9.wav,Saxophone,2.7460384368896484,0.0,0.10951005667448044,179.99940490722656,0.0,1468.2266845703125,0.0,1502.79150390625,1.4968516826629639,1.112634301185608,Saxophone
c40632d7.wav,Saxophone,222.67564392089844,73.04512023925781,310.2341613769531,131.31201171875,78.63721466064453,868.9356689453125,0.0,1095.529052734375,371.8606262207031,691.0407104492188,Saxophone
3a80061f.wav,Saxophone,693.0271606445312,21.874332427978516,523.3472900390625,152.03805541992188,198.71046447753906,950.94091796875,0.0,1114.970458984375,137.82687377929688,440.6096496582031,Saxophone
dba6817d.wav,Saxophone,136.98614501953125,7.960363388061523,662.6542358398438,113.41844177246094,49.107608795166016,1047.351318359375,0.0,930.5609741210938,142.26512145996094,182.59422302246094,Flute
25f26095.wav,Saxophone,223.7030792236328,83.48771667480469,172.3076934814453,324.5172424316406,86.45589447021484,621.0052490234375,0.0,1404.632568359375,684.3134765625,564.75146484375,Saxophone
37cebbd4.wav,Saxophone,112.93897247314453,0.0,35.11095428466797,8.656521797180176,0.9957517385482788,822.3291625976562,0.0,1705.815673828125,9.432271957397461,297.37139892578125,Saxophone
f8d96888.wav,Saxophone,1202.8519287109375,94.30433654785156,709.7483520507812,159.12890625,588.3797607421875,699.5203857421875,0.0,1004.8729248046875,178.63330078125,372.82989501953125,Acoustic_guitar
d94c94f0.wav,Saxophone,733.3225708007812,83.98137664794922,593.4658203125,162.45547485351562,525.365234375,514.6231079101562,0.0,755.4681396484375,296.3648376464844,395.8018798828125,Saxophone
ec6afeb6.wav,Saxophone,53.72740936279297,0.0,106.01716613769531,188.16525268554688,1.2640398740768433,1795.00244140625,0.0,1631.8656005859375,0.0,8.086038589477539,Flute
5f0dc8e4.wav,Saxophone,145.32162475585938,0.0,0.0,1703.2734375,0.0,163.52340698242188,0.0,957.9924926757812,479.07562255859375,820.6804809570312,Clarinet
b8c0a88a.wav,Saxophone,374.4453125,0.0,554.3084716796875,225.5760498046875,6.293682098388672,805.8190307617188,0.0,776.3190307617188,69.91618347167969,514.0081176757812,Flute
96dad435.wav,Saxophone,734.518310546875,0.0,0.0,1489.84716796875,0.7284656763076782,985.4849853515625,0.0,1435.0621337890625,2.6183300018310547,80.27798461914062,Clarinet
b120dc90.wav,Saxophone,233.19534301757812,32.033145904541016,243.0615234375,129.67510986328125,80.03385925292969,622.226318359375,0.0,1239.368408203125,166.5940399169922,589.3925170898438,Saxophone
c1948f24.wav,Saxophone,128.76235961914062,0.0,189.0968780517578,9.543457984924316,13.182171821594238,1940.035400390625,0.0,1307.9520263671875,0.0,6.30411434173584,Flute
ac097834.wav,Saxophone,183.2935791015625,0.3961188793182373,346.6628723144531,496.198486328125,80.29405975341797,859.2066650390625,0.0,810.2506103515625,58.3765754699707,52.43891525268555,Flute
4345851e.wav,Saxophone,818.4978637695312,31.55879020690918,636.2196044921875,41.70808029174805,277.8276672363281,767.8403930664062,0.0,1132.6143798828125,136.56602478027344,419.25250244140625,Saxophone
5d4f8187.wav,Saxophone,774.0114135742188,34.16040802001953,584.5030517578125,26.587810516357422,281.44183349609375,931.53955078125,0.0,1118.63671875,148.28012084960938,294.7391052246094,Saxophone
b83049f4.wav,Saxophone,1109.036376953125,66.85650634765625,525.9694213867188,20.092041015625,380.86468505859375,738.9940185546875,0.0,1421.4996337890625,198.5267333984375,476.0736389160156,Saxophone
c1c3c8b9.wav,Saxophone,993.0111083984375,0.0,56.12458038330078,180.42379760742188,450.1740417480469,711.206787109375,0.0,1673.0745849609375,1.1131935119628906,268.0733947753906,Saxophone
78a86075.wav,Saxophone,1059.2904052734375,47.69609832763672,388.3776550292969,48.32162094116211,363.949951171875,688.1124267578125,0.0,1440.676513671875,141.08692932128906,342.36907958984375,Saxophone
f0d315bc.wav,Saxophone,701.6510009765625,17.37823486328125,196.76531982421875,162.58184814453125,273.9280700683594,402.4841003417969,0.0,1242.427978515625,329.7510986328125,603.6806640625,Saxophone
9c0838c1.wav,Saxophone,455.6288757324219,9.555047035217285,546.6078491210938,51.37925338745117,170.38168334960938,899.2360229492188,0.0,1053.71533203125,112.66944122314453,243.82528686523438,Saxophone
d6144e01.wav,Violin_or_fiddle,271.83880615234375,0.0,0.0,903.5318603515625,0.0,14.135002136230469,0.0,30.8375244140625,11.272650718688965,1705.506591796875,Violin_or_fiddle
cfb9c5fd.wav,Violin_or_fiddle,502.4642333984375,130.47256469726562,232.4774627685547,530.1336059570312,272.8359680175781,512.4465942382812,0.0,798.6777954101562,825.911865234375,780.3190307617188,Snare_drum
c6865306.wav,Violin_or_fiddle,339.69891357421875,45.411075592041016,428.70721435546875,252.73895263671875,195.53408813476562,948.2127685546875,0.0,759.7723388671875,249.3176727294922,807.2111206054688,Flute
642aba58.wav,Violin_or_fiddle,2077.46435546875,94.63138580322266,489.8500061035156,390.26251220703125,1023.7623291015625,474.9642028808594,0.0,1071.4080810546875,251.99533081054688,625.1642456054688,Acoustic_guitar
848faca3.wav,Violin_or_fiddle,428.7237854003906,295.0871887207031,372.2455139160156,92.52848052978516,145.540283203125,419.59136962890625,0.0,680.6203002929688,1177.075439453125,1458.7642822265625,Violin_or_fiddle
7eb9dac0.wav,Violin_or_fiddle,177.8419189453125,50.31888961791992,72.09980773925781,663.6808471679688,44.672142028808594,97.00826263427734,0.0,116.0586929321289,185.37515258789062,1511.9615478515625,Violin_or_fiddle
8d7d7dba.wav,Violin_or_fiddle,117.26210021972656,45.06389236450195,159.28488159179688,412.3428039550781,71.14091491699219,943.7391357421875,0.0,246.92245483398438,181.3414306640625,813.9697875976562,Flute
2424ad60.wav,Violin_or_fiddle,123.33056640625,32.34389877319336,359.83709716796875,100.01128387451172,18.31670379638672,546.9112548828125,0.0,876.4315795898438,897.1146240234375,1069.1463623046875,Violin_or_fiddle
ba648ac1.wav,Violin_or_fiddle,733.8477172851562,260.1847229003906,373.8680725097656,416.58123779296875,253.11550903320312,396.7790222167969,0.0,849.3189697265625,941.474365234375,1132.07568359375,Violin_or_fiddle
2e4a9850.wav,Violin_or_fiddle,985.5164794921875,0.0,309.57415771484375,0.0,112.3673324584961,822.025146484375,0.0,1905.167236328125,338.71185302734375,804.689208984375,Saxophone
2cc8683d.wav,Violin_or_fiddle,89.83893585205078,43.66557312011719,76.49127197265625,729.6031494140625,41.79814910888672,428.26409912109375,0.0,209.8552703857422,126.28038024902344,1860.087646484375,Violin_or_fiddle
7b6a119e.wav,Violin_or_fiddle,14.224308013916016,0.0,19.21306610107422,1932.9693603515625,0.0,2383.201904296875,0.0,190.23561096191406,295.87005615234375,1329.0142822265625,Flute
68589f79.wav,Violin_or_fiddle,570.1068115234375,73.685302734375,77.44221496582031,669.5882568359375,80.37639617919922,29.14864158630371,0.0,435.82598876953125,813.5230102539062,1991.98876953125,Violin_or_fiddle
fec00143.wav,Violin_or_fiddle,12.163400650024414,12.946739196777344,15.099617004394531,2147.386474609375,3.778622627258301,2933.671142578125,0.0,23.818073272705078,46.05503463745117,1609.4678955078125,Flute
1b24c166.wav,Violin_or_fiddle,475.9101867675781,182.93142700195312,459.81048583984375,80.77484130859375,157.63636779785156,729.0856323242188,0.0,1407.122314453125,793.9256591796875,1034.4429931640625,Saxophone
6eb59008.wav,Violin_or_fiddle,4.850097179412842,9.588582992553711,104.12149810791016,1205.4085693359375,4.069589138031006,1132.7459716796875,0.0,100.21295166015625,219.03794860839844,1108.9671630859375,Clarinet
0e7cd4eb.wav,Violin_or_fiddle,439.04925537109375,69.58753204345703,745.8914794921875,61.40099334716797,165.75123596191406,905.5396728515625,0.0,302.7503356933594,257.2010803222656,648.6512451171875,Flute
56e79c6f.wav,Violin_or_fiddle,65.43168640136719,0.0,351.49725341796875,235.75350952148438,3.0516140460968018,1383.76708984375,0.0,764.794921875,261.008544921875,1220.5557861328125,Flute
cdc5fe8e.wav,Violin_or_fiddle,1133.0863037109375,65.386474609375,278.8096923828125,197.27212524414062,578.4185791015625,614.1517944335938,0.0,1358.5494384765625,339.7248840332031,528.96240234375,Saxophone
b38409bb.wav,Violin_or_fiddle,339.2771301269531,0.0,9.6348295211792,1126.46875,0.0,111.23797607421875,0.0,131.6937255859375,75.08590698242188,1379.095458984375,Violin_or_fiddle
c8c117dc.wav,Violin_or_fiddle,1251.4407958984375,386.9298095703125,640.9642944335938,21.305747985839844,652.2933959960938,389.4057312011719,0.0,1108.240478515625,853.4876708984375,809.571044921875,Acoustic_guitar
b73c3595.wav,Violin_or_fiddle,15.551806449890137,0.0,6.110710620880127,185.9217071533203,0.0,204.22958374023438,0.0,40.561180114746094,63.25376510620117,1692.421142578125,Violin_or_fiddle
d84c8c43.wav,Violin_or_fiddle,94.33441925048828,68.67911529541016,86.29118347167969,1082.3541259765625,51.79862594604492,155.23297119140625,0.0,553.4169921875,429.6509094238281,1711.3280029296875,Violin_or_fiddle
d914225a.wav,Violin_or_fiddle,1006.0016479492188,100.65888977050781,414.2996520996094,276.5411376953125,354.58477783203125,819.8980712890625,0.0,1165.178955078125,237.2945098876953,625.2769165039062,Saxophone
1148986e.wav,Violin_or_fiddle,2657.67919921875,201.70130920410156,914.3318481445312,78.83990478515625,1579.130126953125,357.4478454589844,0.0,969.4521484375,333.1080017089844,567.3729248046875,Acoustic_guitar
e3f479f3.wav,Violin_or_fiddle,109.544677734375,3.8339121341705322,280.9585266113281,244.2947235107422,23.953359603881836,1480.958984375,0.0,672.4949951171875,163.8970489501953,1171.989501953125,Flute
aab28420.wav,Violin_or_fiddle,61.90407180786133,43.97949981689453,234.88424682617188,408.5375671386719,33.013267517089844,533.2515869140625,0.0,423.0146179199219,541.2073974609375,2121.364013671875,Violin_or_fiddle
21346775.wav,Violin_or_fiddle,897.5342407226562,422.1727600097656,534.114990234375,113.13954162597656,544.673095703125,446.9400939941406,0.0,739.4949951171875,987.5176391601562,787.389892578125,Snare_drum
cdeece57.wav,Violin_or_fiddle,175.15223693847656,25.968236923217773,274.1930847167969,56.84183120727539,49.81227111816406,628.4231567382812,0.0,978.0284423828125,480.9333801269531,1044.2930908203125,Violin_or_fiddle
c9fb642d.wav,Violin_or_fiddle,1385.633544921875,382.8040466308594,654.8464965820312,77.39542388916016,805.2980346679688,263.5754089355469,0.0,853.09716796875,969.76708984375,852.49658203125,Acoustic_guitar
078f7ac0.wav,Hi-hat,0.0,12.083196640014648,252.0083770751953,289.0595397949219,0.0,1150.6021728515625,0.0,742.8538818359375,847.2068481445312,1538.280517578125,Violin_or_fiddle
e897db78.wav,Hi-hat,2.825326442718506,128.89710998535156,282.7459716796875,356.6910095214844,0.0,701.3895874023438,0.0,876.6639404296875,1342.9217529296875,1409.0240478515625,Violin_or_fiddle
b31ed1fb.wav,Hi-hat,113.51691436767578,0.5605875849723816,49.23857498168945,136.8458709716797,0.0,681.0447998046875,0.0,431.293212890625,384.6992492675781,1557.233154296875,Violin_or_fiddle
06c48eab.wav,Hi-hat,0.0,62.875484466552734,368.13818359375,253.2790985107422,0.0,757.5051879882812,0.0,760.6686401367188,1092.254638671875,1204.9810791015625,Violin_or_fiddle
2503aaa1.wav,Hi-hat,0.0,20.08264923095703,233.38650512695312,267.2681579589844,0.0,1103.302001953125,0.0,652.465087890625,818.8110961914062,1502.090087890625,Violin_or_fiddle
3d3439f1.wav,Hi-hat,0.0,110.4407958984375,320.31414794921875,401.40533447265625,0.0,701.1212158203125,0.0,739.3438720703125,1352.285400390625,1436.5582275390625,Violin_or_fiddle
34a90030.wav,Hi-hat,0.0,17.27821159362793,220.7595672607422,443.3037414550781,0.0,1174.7833251953125,0.0,614.6613159179688,824.9887084960938,1629.2708740234375,Violin_or_fiddle
da4b0379.wav,Hi-hat,1.0997601747512817,127.62530517578125,366.706298828125,411.5137634277344,0.0,732.6641845703125,0.0,676.6614379882812,1473.5394287109375,1622.138427734375,Violin_or_fiddle
a090c45a.wav,Hi-hat,203.4345245361328,344.9360656738281,451.3347473144531,232.893798828125,0.0,588.0877685546875,0.0,828.0784301757812,1798.0875244140625,1599.09765625,Snare_drum
41897c32.wav,Hi-hat,5.203642845153809,0.0,82.72911834716797,586.9600219726562,0.0,1113.0220947265625,0.0,513.60595703125,661.9774169921875,1678.0418701171875,Violin_or_fiddle
2032be87.wav,Hi-hat,0.0,0.0,101.198486328125,519.992431640625,0.0,1527.6959228515625,0.0,466.12493896484375,348.3083190917969,1693.8115234375,Violin_or_fiddle
73677128.wav,Hi-hat,0.0,0.0,190.25083923339844,404.308837890625,0.0,1282.9403076171875,0.0,681.5650024414062,721.9067993164062,1682.0816650390625,Violin_or_fiddle
c53a217e.wav,Hi-hat,0.0,0.6782242059707642,182.32888793945312,474.414306640625,0.0,1475.1929931640625,0.0,528.49755859375,537.189697265625,1684.935791015625,Violin_or_fiddle
f0dfe343.wav,Hi-hat,0.0,0.0,219.1293487548828,460.54034423828125,0.0,1651.8516845703125,0.0,421.5590515136719,370.74395751953125,1634.576904296875,Flute
0ed06544.wav,Hi-hat,0.0,4.818961143493652,154.296875,433.0130615234375,0.0,1308.0833740234375,0.0,568.2437133789062,615.0086059570312,1663.8406982421875,Violin_or_fiddle
99c96a07.wav,Hi-hat,342.9415283203125,428.7538757324219,444.3136291503906,210.5503692626953,3.7194650173187256,520.8887329101562,0.0,1013.52734375,1715.0523681640625,1446.107421875,Snare_drum
3a3d0279.wav,Hi-hat,185.70489501953125,309.4101867675781,430.794189453125,300.0703125,0.0,578.1664428710938,0.0,752.0065307617188,1691.0357666015625,1561.2503662109375,Snare_drum
612702c3.wav,Hi-hat,0.0,4.041048526763916,429.8346862792969,410.72174072265625,0.0,1483.5130615234375,0.0,555.5152587890625,753.3945922851562,1496.72509765625,Violin_or_fiddle
d6854eb4.wav,Hi-hat,216.97833251953125,48.08906173706055,253.87753295898438,43.72515869140625,18.80976104736328,721.6174926757812,0.0,1414.18603515625,942.6812744140625,1330.0662841796875,Saxophone
52300f9b.wav,Hi-hat,0.0,14.679117202758789,255.70565795898438,415.826171875,0.0,1108.545166015625,0.0,753.3057861328125,949.7682495117188,1627.4827880859375,Violin_or_fiddle
09a1cfd7.wav,Hi-hat,0.0,62.40340042114258,239.8610382080078,482.645263671875,0.0,756.9198608398438,0.0,742.4271850585938,1219.1900634765625,1543.9774169921875,Violin_or_fiddle
3aafb6ad.wav,Hi-hat,0.0,9.867414474487305,119.66571044921875,327.51251220703125,0.0,684.3964233398438,0.0,906.0885620117188,927.6531982421875,1299.8349609375,Violin_or_fiddle
493c247b.wav,Hi-hat,0.0,6.1134514808654785,211.4206085205078,352.9869079589844,0.0,1278.2095947265625,0.0,655.1427612304688,634.5298461914062,1483.2659912109375,Violin_or_fiddle
5ec7ad26.wav,Hi-hat,4.168793678283691,50.43780517578125,223.276611328125,385.3462219238281,0.0,737.1851196289062,0.0,836.682373046875,1232.5567626953125,1486.7567138671875,Violin_or_fiddle
a1b369d7.wav,Hi-hat,9.32329273223877,5.535174369812012,126.83087158203125,521.58203125,0.0,1151.5841064453125,0.0,579.1531982421875,727.5059814453125,1648.743896484375,Violin_or_fiddle
8cd809d3.wav,Hi-hat,0.08012805134057999,24.61236000061035,96.7997055053711,168.5547637939453,0.0,571.4295043945312,0.0,1133.90283203125,869.002197265625,1163.81982421875,Violin_or_fiddle
aed9d22f.wav,Hi-hat,0.0,13.325499534606934,396.2519836425781,268.9388732910156,0.0,1205.2591552734375,0.0,835.0867919921875,984.9503784179688,1570.8897705078125,Violin_or_fiddle
a7964699.wav,Hi-hat,0.0,38.101009368896484,178.0664520263672,297.5631408691406,0.0,644.6668090820312,0.0,949.1295776367188,1132.032470703125,1406.85498046875,Violin_or_fiddle
da3f8050.wav,Hi-hat,0.0,0.0,66.17622375488281,445.4474182128906,0.0,1349.2991943359375,0.0,507.4653015136719,387.23480224609375,1518.2486572265625,Violin_or_fiddle
468f9c4c.wav,Hi-hat,107.83617401123047,12.214317321777344,693.7915649414062,2.6043288707733154,20.56067657470703,858.8958129882812,0.0,1203.770751953125,778.8174438476562,1011.419677734375,Saxophone
229be2be.wav,Snare_drum,278.4299011230469,289.7274169921875,387.6153259277344,30.85477066040039,8.266302108764648,434.7566223144531,0.0,751.103759765625,1400.1866455078125,1234.356689453125,Snare_drum
b6cbc6a9.wav,Snare_drum,66.64083099365234,151.44688415527344,248.75161743164062,150.31350708007812,0.0,394.8254089355469,0.0,1042.8133544921875,1262.9814453125,1200.711181640625,Snare_drum
ae7d1c37.wav,Snare_drum,391.8515930175781,316.245361328125,517.889404296875,19.26770782470703,200.5225830078125,301.7291259765625,0.0,703.128173828125,1020.8978881835938,708.25341796875,Snare_drum
82d4fb44.wav,Snare_drum,198.35317993164062,260.7211608886719,460.9001159667969,26.895978927612305,74.888671875,368.63665771484375,0.0,734.4503173828125,1053.0703125,791.1882934570312,Snare_drum
4c590f69.wav,Snare_drum,306.4473876953125,67.68403625488281,165.318359375,341.2107238769531,199.38368225097656,159.4775848388672,0.0,899.5343017578125,971.1610107421875,826.0835571289062,Snare_drum
1c9a423f.wav,Snare_drum,0.0,0.0,37.30396270751953,2164.362548828125,0.0,367.0412902832031,0.0,489.8470764160156,740.3404541015625,331.6808776855469,Clarinet
f0727eac.wav,Snare_drum,236.8985595703125,111.5809326171875,255.0839080810547,23.993906021118164,18.892473220825195,461.3388671875,0.0,1273.173583984375,1163.4364013671875,1200.0186767578125,Saxophone
31db8c5e.wav,Snare_drum,2028.2474365234375,607.8916625976562,1139.5943603515625,40.862850189208984,1327.4349365234375,218.75445556640625,0.0,614.3060913085938,1104.149169921875,791.8510131835938,Acoustic_guitar
b86b5a96.wav,Snare_drum,644.1118774414062,391.1517639160156,407.71185302734375,12.341392517089844,365.6729736328125,214.52886962890625,0.0,739.5361328125,1076.6669921875,762.7037353515625,Snare_drum
6fca680b.wav,Snare_drum,379.4140319824219,340.07415771484375,436.9949035644531,20.168203353881836,186.02743530273438,274.1705627441406,0.0,749.1907958984375,1162.6851806640625,814.6656494140625,Snare_drum
1bc8eae1.wav,Snare_drum,1038.5321044921875,417.9972229003906,538.0038452148438,53.50056457519531,610.069580078125,186.38514709472656,0.0,622.6217041015625,1110.986083984375,850.6200561523438,Snare_drum
46b52f97.wav,Snare_drum,0.0,8.788687705993652,25.78559684753418,1876.483154296875,0.0,204.4683074951172,0.0,970.701171875,1062.492431640625,400.9187316894531,Clarinet
0c67f402.wav,Snare_drum,310.6594543457031,369.48126220703125,469.8701171875,43.77754592895508,90.70355224609375,321.75836181640625,0.0,724.4468383789062,1296.5889892578125,898.1052856445312,Snare_drum
c8ecbbfd.wav,Snare_drum,572.302001953125,122.4996337890625,259.4120788574219,42.73556137084961,318.9525451660156,156.66195678710938,0.0,1018.4213256835938,813.6830444335938,735.822265625,Saxophone
9f84ea5a.wav,Snare_drum,2882.6572265625,198.03550720214844,936.4137573242188,179.09017944335938,1904.9288330078125,123.58919525146484,0.0,824.964111328125,367.5947265625,473.5047607421875,Acoustic_guitar
e4958adc.wav,Snare_drum,344.9167175292969,349.10345458984375,492.5747375488281,21.314699172973633,127.89000701904297,320.4526062011719,0.0,750.9302368164062,1172.0438232421875,806.853271484375,Snare_drum
5ce40b1b.wav,Snare_drum,851.8925170898438,442.0286560058594,607.4663696289062,2.4558932781219482,457.5419616699219,256.3768615722656,0.0,482.5970153808594,1273.145751953125,946.5218505859375,Snare_drum
9d308738.wav,Snare_drum,158.72169494628906,127.42081451416016,342.2479553222656,15.579179763793945,0.0,460.4635925292969,0.0,1085.04541015625,1043.528076171875,943.9593505859375,Saxophone
1e3391d5.wav,Snare_drum,347.4957580566406,341.6421203613281,475.7594299316406,32.06150817871094,130.8319854736328,325.6893005371094,0.0,769.4833984375,1211.6563720703125,852.1986083984375,Snare_drum
ff3f21e7.wav,Snare_drum,276.7892150878906,278.3608703613281,473.0001220703125,19.136865615844727,103.93388366699219,320.36474609375,0.0,793.4854736328125,1002.1763916015625,705.62353515625,Snare_drum
b68f10af.wav,Snare_drum,465.91680908203125,379.6998596191406,473.38446044921875,75.1404037475586,306.1533508300781,275.0625915527344,0.0,679.027099609375,983.7091674804688,661.3741455078125,Snare_drum
e8e00924.wav,Snare_drum,1164.1466064453125,134.23643493652344,625.442138671875,0.0,567.0486450195312,270.75177001953125,0.0,800.161865234375,853.363037109375,872.6949462890625,Acoustic_guitar
22e1c02c.wav,Snare_drum,485.9317321777344,148.00375366210938,647.3679809570312,0.0,286.19708251953125,372.7536926269531,0.0,643.3839721679688,700.8255004882812,666.11474609375,Snare_drum
5c33d972.wav,Snare_drum,540.0562744140625,329.196533203125,478.99273681640625,127.21000671386719,344.2344970703125,292.2757873535156,0.0,538.8032836914062,987.19091796875,1090.0174560546875,Violin_or_fiddle
9320c55f.wav,Snare_drum,1188.710205078125,395.0159606933594,585.5088500976562,4.23612117767334,573.9843139648438,310.90179443359375,0.0,1023.880126953125,1188.4771728515625,1064.580810546875,Acoustic_guitar
f1754aea.wav,Snare_drum,394.6912841796875,362.5758361816406,634.0095825195312,160.70909118652344,120.1356430053711,548.9174194335938,0.0,731.8401489257812,1137.0728759765625,903.4406127929688,Snare_drum
b218444c.wav,Snare_drum,448.9385681152344,257.3383483886719,546.8623657226562,55.55382537841797,311.85626220703125,298.0559997558594,0.0,679.9368896484375,796.1814575195312,550.6805419921875,Snare_drum
36d06cc0.wav,Snare_drum,423.8343811035156,339.6219177246094,494.41668701171875,16.472726821899414,168.67848205566406,310.81109619140625,0.0,806.0283203125,1147.6507568359375,809.4474487304688,Snare_drum
4c4d4797.wav,Snare_drum,1158.64794921875,50.61648178100586,88.7908935546875,780.9401245117188,303.3323059082031,113.28824615478516,0.0,1010.3513793945312,498.1429748535156,859.5087890625,Acoustic_guitar
cae0d841.wav,Snare_drum,0.0,0.0,9.817229270935059,1457.529296875,0.0,554.7482299804688,0.0,985.185302734375,930.0873413085938,452.6909484863281,Clarinet
17f82c05.wav,Acoustic_guitar,2223.738525390625,492.9492492675781,1008.3235473632812,79.24813079833984,1467.7264404296875,262.210205078125,0.0,804.6095581054688,716.6339721679688,614.3989868164062,Acoustic_guitar
0eeaebcb.wav,Acoustic_guitar,883.7197265625,50.63526916503906,969.3017578125,178.34555053710938,445.97552490234375,1071.175537109375,0.0,602.2899780273438,134.90655517578125,350.36956787109375,Flute
e92bf0fa.wav,Acoustic_guitar,1253.1634521484375,7.569185256958008,520.820556640625,191.91793823242188,704.917724609375,663.0499267578125,0.0,586.554443359375,14.911481857299805,256.7772521972656,Acoustic_guitar
10da16fb.wav,Acoustic_guitar,2360.23193359375,205.88339233398438,589.1304931640625,482.5484924316406,1392.9188232421875,92.22189331054688,0.0,813.5618286132812,534.9244995117188,570.6119384765625,Acoustic_guitar
a25423a8.wav,Acoustic_guitar,1865.0855712890625,716.55908203125,1097.96337890625,198.27830505371094,1495.8560791015625,89.00410461425781,0.0,269.643310546875,838.4346923828125,390.2923889160156,Acoustic_guitar
16c9a838.wav,Acoustic_guitar,2826.25927734375,3.2140305042266846,619.4871826171875,230.3958282470703,1392.0377197265625,488.7565612792969,0.0,1543.881103515625,161.3411865234375,663.9611206054688,Acoustic_guitar
70ca9c77.wav,Acoustic_guitar,2071.97900390625,680.6006469726562,1108.6466064453125,230.464599609375,1692.432373046875,56.34782791137695,0.0,260.5707702636719,691.5195922851562,317.1474304199219,Acoustic_guitar
38216fad.wav,Acoustic_guitar,1622.2996826171875,291.58148193359375,935.087890625,66.86000061035156,994.6730346679688,497.99456787109375,0.0,871.755126953125,449.645263671875,598.435791015625,Acoustic_guitar
d8a257e5.wav,Acoustic_guitar,1922.9774169921875,125.41049194335938,1022.349609375,88.04672241210938,994.4444580078125,484.6364440917969,0.0,1070.87451171875,318.6701965332031,468.56976318359375,Acoustic_guitar
7506dcc4.wav,Acoustic_guitar,1385.4129638671875,0.0,0.0,2507.8125,0.0,65.4958724975586,0.0,968.5536499023438,271.865966796875,583.3070678710938,Clarinet
a6728901.wav,Acoustic_guitar,1081.3858642578125,0.0,197.15200805664062,0.0,100.96894836425781,1061.7279052734375,0.0,2067.436279296875,14.813264846801758,530.048095703125,Saxophone
b88322f6.wav,Acoustic_guitar,2626.444580078125,13.8411865234375,910.2064819335938,0.0,1199.9385986328125,595.7947998046875,0.0,1800.544189453125,154.24513244628906,580.8369140625,Acoustic_guitar
35039ae1.wav,Acoustic_guitar,748.6402587890625,0.0,730.6529541015625,1.2006919384002686,342.1751403808594,938.7732543945312,0.0,981.1356811523438,27.527881622314453,330.9538879394531,Saxophone
236cbab1.wav,Acoustic_guitar,1643.4656982421875,703.572265625,1044.80517578125,194.37545776367188,1251.879638671875,167.4053497314453,0.0,413.02264404296875,1038.7861328125,593.9010009765625,Acoustic_guitar
0356dec7.wav,Acoustic_guitar,1548.9786376953125,200.18113708496094,644.4674682617188,12.002939224243164,694.7755737304688,428.5823974609375,0.0,1288.6087646484375,504.3395080566406,673.060546875,Acoustic_guitar
bb1f5874.wav,Acoustic_guitar,1238.4912109375,158.20228576660156,379.6302795410156,506.6233215332031,752.1417236328125,494.32537841796875,0.0,333.2335205078125,290.2836608886719,355.72796630859375,Acoustic_guitar
34747922.wav,Acoustic_guitar,1610.2877197265625,0.30328434705734253,289.5853576660156,480.0301513671875,348.48455810546875,757.3773803710938,0.0,1354.14892578125,171.31304931640625,656.2297973632812,Acoustic_guitar
44fb3eeb.wav,Acoustic_guitar,1422.491943359375,0.0,30.19791603088379,1307.4822998046875,115.51094055175781,663.5772705078125,0.0,1714.2171630859375,173.59571838378906,549.2137451171875,Saxophone
367ad7b1.wav,Acoustic_guitar,2360.336181640625,19.077234268188477,449.72418212890625,989.6803588867188,1293.919921875,236.16351318359375,0.0,531.0075073242188,263.3307800292969,497.5419921875,Acoustic_guitar
160c92d7.wav,Acoustic_guitar,2103.300537109375,143.17889404296875,435.6965637207031,744.7068481445312,1168.6373291015625,112.48223114013672,0.0,722.301513671875,420.86083984375,480.9471435546875,Acoustic_guitar
2016d256.wav,Acoustic_guitar,994.2052612304688,0.0,0.0,2570.483642578125,0.0,254.8245391845703,0.0,689.4786376953125,48.30506134033203,267.5350646972656,Clarinet
fc55d588.wav,Acoustic_guitar,2056.27294921875,167.40304565429688,846.2155151367188,246.71568298339844,1338.747802734375,544.947265625,0.0,615.3659057617188,161.907470703125,235.72906494140625,Acoustic_guitar
c7846d27.wav,Acoustic_guitar,475.11395263671875,0.0,505.48455810546875,203.46463012695312,0.0,1819.6212158203125,0.0,1123.210205078125,119.61455535888672,347.9173278808594,Flute
55822aae.wav,Acoustic_guitar,841.8306884765625,155.18276977539062,945.8475341796875,300.55157470703125,690.9337158203125,621.8035888671875,0.0,393.8327941894531,266.0899963378906,236.06826782226562,Cello
9923ddf8.wav,Acoustic_guitar,830.7328491210938,0.0,0.0,2414.79248046875,0.0,1062.800048828125,0.0,434.67431640625,0.0,175.26898193359375,Clarinet
32dee61b.wav,Acoustic_guitar,1759.57958984375,518.703125,978.0400390625,129.3340606689453,1192.521728515625,400.4992980957031,0.0,589.433837890625,686.916748046875,509.26666259765625,Acoustic_guitar
fa4d4a92.wav,Acoustic_guitar,2132.35400390625,500.7428283691406,946.5538940429688,402.4043273925781,1598.763427734375,67.7701644897461,0.0,255.4256134033203,692.0984497070312,395.2587585449219,Acoustic_guitar
8da75280.wav,Acoustic_guitar,2238.67919921875,601.5433959960938,1161.89208984375,87.52118682861328,1735.6156005859375,33.15642166137695,0.0,232.34910583496094,669.3269653320312,343.1756591796875,Acoustic_guitar
b2261238.wav,Acoustic_guitar,1770.1080322265625,145.89083862304688,736.36181640625,314.78076171875,952.7271728515625,211.6454315185547,0.0,493.581787109375,474.13067626953125,684.8013305664062,Acoustic_guitar
673defaf.wav,Acoustic_guitar,1759.9241943359375,22.254039764404297,370.1236572265625,57.76748275756836,471.2944030761719,862.3433227539062,0.0,1738.7977294921875,175.7382049560547,588.44384765625,Acoustic_guitar
e6597186.wav,Double_bass,2427.47900390625,527.1324462890625,1021.36962890625,253.8363800048828,1737.0020751953125,34.05888748168945,0.0,461.6715393066406,673.31396484375,449.6542663574219,Acoustic_guitar
fcfafbc8.wav,Double_bass,2719.862548828125,632.9039916992188,1217.5084228515625,35.364295959472656,2049.764404296875,20.37906265258789,0.0,586.4461669921875,586.5205688476562,387.43701171875,Acoustic_guitar
444f9db5.wav,Double_bass,760.9010009765625,0.0,89.86265563964844,161.53382873535156,384.1170654296875,451.8611145019531,0.0,1457.46875,221.40396118164062,455.1485595703125,Saxophone
19893aa8.wav,Double_bass,1489.9776611328125,340.4518127441406,789.3334350585938,410.5479736328125,1217.3892822265625,130.4759063720703,0.0,561.5679321289062,496.9069519042969,326.66485595703125,Acoustic_guitar
f042282c.wav,Double_bass,751.1117553710938,271.5457458496094,555.2743530273438,572.4801635742188,794.517822265625,103.72754669189453,0.0,316.0895080566406,605.2318725585938,323.8910827636719,Double_bass
95e1d0ae.wav,Double_bass,2106.53955078125,647.0274658203125,1031.186279296875,115.91749572753906,1529.0982666015625,154.15992736816406,0.0,736.348876953125,908.4957275390625,605.0567016601562,Acoustic_guitar
595c191d.wav,Double_bass,1388.596923828125,113.68980407714844,489.7213134765625,75.76155090332031,1016.0519409179688,352.12237548828125,0.0,1165.525634765625,197.54107666015625,328.2426452636719,Acoustic_guitar
8073923c.wav,Double_bass,2345.3798828125,569.93408203125,1134.974853515625,141.48719787597656,1847.294921875,21.480499267578125,0.0,227.73281860351562,545.0283813476562,281.36602783203125,Acoustic_guitar
6efbaf90.wav,Double_bass,1809.929443359375,541.8880615234375,965.5194091796875,327.78472900390625,1345.74755859375,237.03842163085938,0.0,613.2056884765625,757.0343017578125,481.6998596191406,Acoustic_guitar
642ad7e4.wav,Double_bass,2321.440185546875,546.7581787109375,1098.87255859375,119.37557220458984,1678.4993896484375,144.9925994873047,0.0,592.0218505859375,653.2798461914062,490.5850830078125,Acoustic_guitar
5eadbc6d.wav,Double_bass,738.8053588867188,124.6869888305664,1080.5406494140625,306.0068054199219,784.53466796875,633.1517333984375,0.0,493.8033752441406,216.28135681152344,154.76718139648438,Cello
1a7d3f2d.wav,Double_bass,2394.192138671875,539.571533203125,957.008544921875,459.8440856933594,1663.518798828125,86.83616638183594,0.0,521.9825439453125,777.7169189453125,563.8440551757812,Acoustic_guitar
13da16ae.wav,Double_bass,1974.958984375,423.8246765136719,825.3045043945312,255.34295654296875,1607.1922607421875,115.53394317626953,0.0,699.693115234375,376.3775634765625,274.1913757324219,Acoustic_guitar
103f29e5.wav,Double_bass,1209.7496337890625,6.629676342010498,336.6275329589844,438.7025451660156,886.6331787109375,422.74603271484375,0.0,938.3990478515625,50.300575256347656,257.07769775390625,Acoustic_guitar
da8ea649.wav,Double_bass,2296.706787109375,723.2206420898438,1133.6436767578125,101.11904907226562,1821.2623291015625,31.715831756591797,0.0,461.62176513671875,652.9022216796875,357.1169738769531,Acoustic_guitar
ca348cbb.wav,Double_bass,2482.896728515625,718.81201171875,1253.1390380859375,96.93123626708984,1985.8720703125,1.4695953130722046,0.0,336.9920959472656,622.2770385742188,300.0487976074219,Acoustic_guitar
8ce2e863.wav,Double_bass,1156.7989501953125,307.233154296875,948.4954223632812,129.1309356689453,1095.15771484375,364.3547058105469,0.0,642.294189453125,184.47325134277344,149.39974975585938,Acoustic_guitar
462b676f.wav,Double_bass,1891.8994140625,386.2821350097656,696.4069213867188,168.78419494628906,1403.7144775390625,145.61129760742188,0.0,810.0018920898438,557.9921264648438,485.0793151855469,Acoustic_guitar
b428466c.wav,Double_bass,2418.147705078125,443.1998596191406,1123.6468505859375,139.14694213867188,1602.65478515625,228.4027099609375,0.0,818.54541015625,491.240478515625,443.9955139160156,Acoustic_guitar
4fd883bb.wav,Double_bass,2097.55810546875,594.908203125,1067.3870849609375,275.9593200683594,1691.3387451171875,20.879806518554688,0.0,237.29067993164062,644.7867431640625,309.5555114746094,Acoustic_guitar
2ac8b94f.wav,Double_bass,593.695068359375,18.978710174560547,822.6544189453125,0.0,326.9737243652344,830.7755126953125,0.0,926.751708984375,6.791478157043457,78.14085388183594,Saxophone
c840804f.wav,Double_bass,2737.51416015625,552.0565795898438,1218.463623046875,38.15863037109375,1905.298583984375,141.3759765625,0.0,815.5386352539062,495.28173828125,458.90289306640625,Acoustic_guitar
f63f3703.wav,Double_bass,2546.59619140625,694.9021606445312,1201.13134765625,60.1593017578125,1919.03466796875,61.41823959350586,0.0,587.0228881835938,691.5574951171875,463.6337890625,Acoustic_guitar
c0ddf010.wav,Double_bass,2022.9454345703125,565.1343383789062,828.3720092773438,175.30938720703125,1532.7838134765625,106.78499603271484,0.0,721.9180297851562,622.9058227539062,424.106201171875,Acoustic_guitar
a0cbe92e.wav,Double_bass,1324.675537109375,470.64996337890625,959.19580078125,315.84136962890625,1341.6787109375,118.46138763427734,0.0,359.750732421875,468.489990234375,207.3185272216797,Double_bass
4fb480bf.wav,Double_bass,1884.21240234375,793.7117309570312,1044.620849609375,130.74655151367188,1395.0570068359375,161.45431518554688,0.0,599.986083984375,1105.195068359375,707.4354858398438,Acoustic_guitar
9dd0141c.wav,Double_bass,1213.242431640625,25.88680076599121,385.346435546875,412.83544921875,924.6986694335938,420.2176513671875,0.0,872.8538818359375,90.83746337890625,193.3816375732422,Acoustic_guitar
deb87700.wav,Double_bass,734.9805908203125,48.80611801147461,217.21865844726562,944.4452514648438,490.89111328125,454.6048889160156,0.0,62.647239685058594,80.49915313720703,101.103271484375,Clarinet
e0ecd1a6.wav,Double_bass,2238.471923828125,436.87396240234375,903.2179565429688,354.863525390625,1681.4249267578125,26.90802574157715,0.0,345.5657958984375,597.3546752929688,341.89056396484375,Acoustic_guitar
0286fc27.wav,Double_bass,1102.116455078125,104.3613052368164,560.837646484375,309.70806884765625,746.8140258789062,357.8793029785156,0.0,739.1530151367188,270.4696044921875,449.2509460449219,Acoustic_guitar
e2d993ec.wav,Cello,616.140869140625,116.54085540771484,522.5696411132812,74.67276000976562,336.20245361328125,1007.9697265625,0.0,1019.2669677734375,224.26454162597656,245.45079040527344,Saxophone
0091fc7f.wav,Cello,667.0379638671875,186.6050567626953,687.5784912109375,301.46185302734375,691.3722534179688,390.9529724121094,0.0,538.9874267578125,272.05859375,143.696044921875,Double_bass
e55c5160.wav,Cello,372.7193603515625,94.96359252929688,663.3571166992188,513.9515380859375,253.70310974121094,574.1085205078125,0.0,375.912353515625,350.67449951171875,259.5394592285156,Cello
a59b5a08.wav,Cello,919.17529296875,440.0347900390625,1009.7625122070312,56.949371337890625,743.0606079101562,324.0331726074219,0.0,553.4488525390625,735.0060424804688,439.08978271484375,Cello
88500b88.wav,Cello,590.0924072265625,52.397342681884766,481.1076965332031,53.424102783203125,221.612548828125,1312.0028076171875,0.0,1016.8474731445312,111.78702545166016,122.99039459228516,Flute
743ae0f9.wav,Cello,1438.722412109375,333.32421875,1052.4234619140625,40.6744499206543,1060.3890380859375,284.0215759277344,0.0,652.2882690429688,453.5451965332031,364.81231689453125,Acoustic_guitar
9e3bc1b6.wav,Cello,432.5580139160156,84.98910522460938,716.0906982421875,358.6069641113281,324.9206237792969,977.34765625,0.0,523.1907958984375,119.15613555908203,81.00723266601562,Flute
3e2bddda.wav,Cello,325.20965576171875,41.0708122253418,538.4878540039062,74.0982894897461,23.103656768798828,912.957275390625,0.0,1207.4305419921875,465.1519470214844,943.447021484375,Saxophone
d328db67.wav,Cello,721.9666748046875,54.78970718383789,869.9944458007812,60.805076599121094,462.60736083984375,465.6712341308594,0.0,538.44921875,279.24066162109375,413.5238037109375,Cello
7d896090.wav,Cello,894.9688110351562,166.8630828857422,564.2122192382812,98.84198760986328,683.492431640625,340.1344909667969,0.0,844.0878295898438,293.0186767578125,218.23631286621094,Acoustic_guitar
4bff8f32.wav,Cello,1049.08154296875,275.3752746582031,958.3109130859375,254.28219604492188,1058.0069580078125,446.056884765625,0.0,469.5126953125,327.9986267089844,192.8473663330078,Double_bass
5e5bca7a.wav,Cello,595.763671875,262.38177490234375,945.8512573242188,35.315223693847656,515.357421875,324.14788818359375,0.0,444.4758605957031,643.9013671875,454.0871276855469,Cello
811bf309.wav,Cello,377.9661865234375,78.03084564208984,620.7546997070312,6.375070095062256,203.46705627441406,458.6019592285156,0.0,713.903076171875,236.06024169921875,671.624755859375,Saxophone
5689818f.wav,Cello,686.0535888671875,92.86226654052734,572.21240234375,11.332032203674316,181.1022491455078,689.7576293945312,0.0,1022.0480346679688,228.3486328125,632.4943237304688,Saxophone
81d9f077.wav,Cello,1094.140380859375,268.04827880859375,1020.1920776367188,58.07544708251953,809.9278564453125,779.3150634765625,0.0,736.6792602539062,278.980224609375,199.9145965576172,Acoustic_guitar
00353774.wav,Cello,198.9068603515625,49.32384490966797,466.20654296875,14.255815505981445,66.00472259521484,437.99578857421875,0.0,1075.3173828125,337.1229248046875,535.5387573242188,Saxophone
6a210ffa.wav,Cello,1255.434814453125,363.9731140136719,1073.2498779296875,73.49787139892578,949.723876953125,674.9658813476562,0.0,519.0768432617188,413.5355224609375,251.15213012695312,Acoustic_guitar
e97d9707.wav,Cello,570.34228515625,72.25141906738281,444.3914794921875,13.584936141967773,273.885986328125,1694.1771240234375,0.0,803.6321411132812,182.91004943847656,345.90264892578125,Flute
238b16a5.wav,Cello,2408.64990234375,458.7521057128906,1140.0460205078125,133.7195281982422,1822.0479736328125,66.0427017211914,0.0,415.17041015625,412.4474182128906,293.51513671875,Acoustic_guitar
dc5be9d7.wav,Cello,581.1885375976562,84.97358703613281,833.085693359375,103.60470581054688,176.65533447265625,1851.4117431640625,0.0,748.3701782226562,131.41702270507812,87.69457244873047,Flute
f9653de8.wav,Cello,1074.251708984375,512.0416870117188,1058.9078369140625,65.41317749023438,863.8701171875,324.27496337890625,0.0,560.7308959960938,744.6962890625,435.65582275390625,Acoustic_guitar
31dbc5c0.wav,Cello,375.3466796875,65.85401916503906,576.7208251953125,324.3753662109375,223.53952026367188,1793.9874267578125,0.0,417.9137878417969,122.52086639404297,247.99124145507812,Flute
cbc8d551.wav,Cello,1000.288330078125,206.4589385986328,650.6551513671875,47.1846809387207,568.3692016601562,489.9358215332031,0.0,1013.3817138671875,387.4345703125,597.0042724609375,Saxophone
195f544d.wav,Cello,291.5484924316406,71.04120635986328,584.6612548828125,107.78753662109375,106.94461822509766,917.9144897460938,0.0,980.3303833007812,386.669189453125,666.134765625,Saxophone
22bea889.wav,Cello,2027.052001953125,607.19580078125,1094.9476318359375,110.4423828125,1545.2303466796875,89.27183532714844,0.0,388.0438232421875,791.4264526367188,501.252685546875,Acoustic_guitar
ab8e8ae3.wav,Cello,694.587158203125,144.88754272460938,950.5404663085938,13.250141143798828,550.8512573242188,521.556884765625,0.0,658.0103759765625,230.94715881347656,223.20631408691406,Cello
e70c41d4.wav,Cello,50.96296691894531,0.0,268.9020690917969,321.523681640625,1.3838318586349487,1080.4591064453125,0.0,603.787841796875,140.12266540527344,453.7431640625,Flute
125e6ccf.wav,Cello,445.8587951660156,96.34595489501953,1190.11083984375,22.32090187072754,319.0507507324219,478.7471618652344,0.0,419.6252136230469,472.23992919921875,511.2705383300781,Cello
2da9e12a.wav,Cello,1094.3963623046875,262.3392333984375,1070.52490234375,50.0462760925293,909.9171142578125,578.2825927734375,0.0,576.1911010742188,294.5976867675781,181.6756134033203,Acoustic_guitar
34e4d187.wav,Cello,1539.98583984375,470.6617431640625,1054.1812744140625,51.14552307128906,1113.2607421875,237.96487426757812,0.0,665.7238159179688,668.0087280273438,464.7356262207031,Acoustic_guitar
52e54bdd.wav,Bass_drum,1218.2388916015625,755.6737060546875,852.23583984375,153.29750061035156,831.6181640625,288.4639892578125,0.0,674.6278686523438,1421.50390625,958.4412231445312,Snare_drum
6d21ad67.wav,Bass_drum,1286.993408203125,608.7401123046875,916.6705322265625,62.75231170654297,1134.5860595703125,184.11680603027344,0.0,531.484375,654.5036010742188,313.9992370605469,Acoustic_guitar
ca3f3698.wav,Bass_drum,1659.8582763671875,767.577392578125,942.0942993164062,95.18025970458984,1396.1275634765625,96.20790100097656,0.0,541.482177734375,769.7435302734375,382.3424377441406,Acoustic_guitar
aa9ae956.wav,Bass_drum,1670.281005859375,868.8143310546875,922.9981689453125,150.39637756347656,1209.1658935546875,169.5894012451172,0.0,605.35693359375,1340.345947265625,825.9990234375,Acoustic_guitar
0ddb4bdf.wav,Bass_drum,1598.4169921875,879.4583129882812,914.4207153320312,178.5816650390625,1172.790283203125,184.0373992919922,0.0,604.3934326171875,1353.6241455078125,819.84228515625,Acoustic_guitar
921eee9d.wav,Bass_drum,1526.4368896484375,732.642333984375,904.435302734375,112.69727325439453,1253.4072265625,126.91436767578125,0.0,519.8051147460938,837.7910766601562,450.0946350097656,Acoustic_guitar
c153f347.wav,Bass_drum,1701.3831787109375,781.8048095703125,947.7657470703125,106.33612060546875,1414.0469970703125,88.90025329589844,0.0,518.4255981445312,815.9321899414062,411.07977294921875,Acoustic_guitar
63e0ab2c.wav,Bass_drum,1725.9915771484375,909.0862426757812,931.9735107421875,170.52902221679688,1245.79052734375,170.73583984375,0.0,610.0427856445312,1387.8472900390625,846.69287109375,Acoustic_guitar
88780eac.wav,Bass_drum,1447.434326171875,747.1699829101562,866.1627807617188,120.97879791259766,1153.91357421875,152.268798828125,0.0,568.9121704101562,981.8621215820312,560.2724609375,Acoustic_guitar
bea51ca5.wav,Bass_drum,1346.844970703125,183.73391723632812,711.7764892578125,61.108985900878906,1049.7415771484375,398.6795654296875,0.0,959.6656494140625,114.7314682006836,172.74534606933594,Acoustic_guitar
f26131d8.wav,Bass_drum,770.6281127929688,441.9285583496094,622.6199340820312,109.03253173828125,718.8367309570312,257.765625,0.0,803.9109497070312,678.3528442382812,422.9458312988281,Saxophone
ce75b5ce.wav,Bass_drum,1125.359375,546.7989501953125,713.308349609375,44.26753234863281,882.1651000976562,197.60853576660156,0.0,802.2040405273438,847.5865478515625,527.3641357421875,Acoustic_guitar
565f3ee2.wav,Bass_drum,1417.1717529296875,747.2449340820312,975.0208129882812,74.52671813964844,1148.068115234375,166.46890258789062,0.0,478.8648681640625,980.4494018554688,559.9741821289062,Acoustic_guitar
ff11628d.wav,Bass_drum,1613.966552734375,863.91357421875,909.1820068359375,157.16770935058594,1192.9400634765625,169.2137908935547,0.0,592.6072998046875,1308.9034423828125,789.2515869140625,Acoustic_guitar
cdfc8967.wav,Bass_drum,1321.497314453125,775.8226318359375,849.3419799804688,148.7864990234375,975.0169677734375,235.468505859375,0.0,672.8132934570312,1296.9091796875,828.392578125,Acoustic_guitar
f8a99b37.wav,Bass_drum,1544.958984375,848.470703125,898.3480224609375,161.0417938232422,1155.7806396484375,169.3794708251953,0.0,585.4334716796875,1312.868408203125,802.04736328125,Acoustic_guitar
809ea09e.wav,Bass_drum,1635.4876708984375,874.1275634765625,919.6260986328125,163.6302490234375,1200.2579345703125,169.7156219482422,0.0,587.5559692382812,1332.1943359375,811.4110717773438,Acoustic_guitar
03fc1f96.wav,Bass_drum,1285.551513671875,567.044921875,903.1741333007812,166.3605194091797,1002.4168701171875,243.4127960205078,0.0,609.03955078125,857.166015625,545.7362670898438,Acoustic_guitar
8b6a16de.wav,Bass_drum,1647.449462890625,773.5166625976562,933.5142822265625,93.05513000488281,1385.56689453125,93.6076889038086,0.0,539.7744750976562,782.4893798828125,381.7425537109375,Acoustic_guitar
7dda9dc2.wav,Bass_drum,1335.465576171875,600.3667602539062,777.1410522460938,130.43466186523438,1057.675537109375,193.17562866210938,0.0,672.2199096679688,950.6800537109375,606.5844116210938,Acoustic_guitar
3a9085ca.wav,Bass_drum,1174.5433349609375,585.9229736328125,740.5577392578125,32.587562561035156,884.7093505859375,203.61117553710938,0.0,783.7449340820312,949.5299682617188,593.6193237304688,Acoustic_guitar
4ba2b70e.wav,Bass_drum,980.0836791992188,489.4690856933594,606.9136352539062,45.17897415161133,770.0380859375,176.858154296875,0.0,826.8523559570312,817.731201171875,527.8814697265625,Acoustic_guitar
01c2f88b.wav,Bass_drum,1437.88427734375,786.2366333007812,876.29052734375,137.2436065673828,1076.26513671875,186.9039306640625,0.0,582.1381225585938,1255.41162109375,796.1991577148438,Acoustic_guitar
ce3f3400.wav,Bass_drum,1075.423095703125,677.956787109375,860.4464721679688,195.02919006347656,847.0064086914062,259.194091796875,0.0,598.1647338867188,1180.0450439453125,742.1270751953125,Snare_drum
6a96272b.wav,Bass_drum,1380.697021484375,532.6815795898438,820.948974609375,197.3150177001953,1337.79296875,108.80516052246094,0.0,579.4795532226562,441.5238952636719,193.4752655029297,Acoustic_guitar
9adffd44.wav,Bass_drum,1668.0654296875,752.2871704101562,920.176025390625,83.92510986328125,1386.35888671875,88.0807876586914,0.0,536.2125854492188,756.9201049804688,371.53173828125,Acoustic_guitar
7d11b3b4.wav,Bass_drum,1677.9940185546875,766.6156616210938,949.0408325195312,92.66610717773438,1407.8785400390625,85.57328796386719,0.0,507.4208068847656,768.7269897460938,371.59375,Acoustic_guitar
bab98261.wav,Bass_drum,1649.7900390625,771.9996337890625,942.284912109375,95.19263458251953,1383.57958984375,88.9306869506836,0.0,505.972900390625,797.69384765625,386.3338623046875,Acoustic_guitar
c11bacda.wav,Bass_drum,1445.5777587890625,784.5323486328125,887.4178466796875,131.08009338378906,1150.8812255859375,168.82749938964844,0.0,609.8512573242188,1065.3017578125,618.7946166992188,Acoustic_guitar
9a4bfb69.wav,Bass_drum,1404.5223388671875,752.2025146484375,890.6859130859375,144.68470764160156,1130.6419677734375,183.31539916992188,0.0,615.5494384765625,1068.4134521484375,617.8384399414062,Acoustic_guitar
18865530.wav,Flute,1.3340797424316406,0.0,12.655205726623535,1399.2890625,0.6913912296295166,2963.656494140625,0.0,117.95438385009766,87.86917877197266,812.921142578125,Flute
9f6eac9c.wav,Flute,125.98876953125,0.0,228.63235473632812,257.8311462402344,15.065413475036621,1728.0115966796875,0.0,900.2649536132812,41.0732307434082,212.57025146484375,Flute
07db7f16.wav,Flute,58.925907135009766,45.105255126953125,46.90478515625,1969.8154296875,31.490459442138672,1376.9417724609375,0.0,50.797157287597656,114.93276977539062,1487.5589599609375,Clarinet
dc6676ff.wav,Flute,1.137294888496399,3.116763114929199,50.86472702026367,1883.239501953125,0.0,3347.459716796875,0.0,158.74940490722656,98.3355712890625,947.7684936523438,Flute
3eaddda8.wav,Flute,416.8247985839844,7.129620552062988,441.92327880859375,148.92526245117188,83.44322204589844,1332.506103515625,0.0,1082.8990478515625,212.3297119140625,457.9820251464844,Flute
1b93aeba.wav,Flute,16.468822479248047,0.0,229.129150390625,0.0,0.0,1547.5283203125,0.0,1109.916015625,0.0,43.31755828857422,Flute
c683f28f.wav,Flute,360.97515869140625,0.0,431.6059875488281,582.4521484375,3.355609178543091,3006.183349609375,0.0,624.4738159179688,0.0,12.385056495666504,Flute
55d52a69.wav,Flute,81.44977569580078,25.561904907226562,90.84019470214844,391.4806823730469,14.369647026062012,1364.7381591796875,0.0,1132.39404296875,231.37281799316406,243.28765869140625,Flute
ca8653d2.wav,Flute,238.20269775390625,0.9759423732757568,198.5876922607422,330.3171081542969,18.351701736450195,1799.34130859375,0.0,1089.611083984375,25.069963455200195,131.42877197265625,Flute
6b27a847.wav,Flute,0.0,0.0,61.580894470214844,1638.17919921875,0.0,3811.54931640625,0.0,63.66042709350586,49.94670104980469,513.3740234375,Flute
4bcc8a77.wav,Flute,317.44049072265625,0.0,194.44577026367188,107.64393615722656,70.97653198242188,1195.4727783203125,0.0,1080.787353515625,28.696468353271484,151.15567016601562,Flute
84f5b84b.wav,Flute,445.0732727050781,0.0,452.82440185546875,137.4954376220703,9.430343627929688,1645.723388671875,0.0,1174.4180908203125,0.0,17.466724395751953,Flute
5d73ee6f.wav,Flute,336.9515380859375,51.94320297241211,385.33935546875,165.66038513183594,74.76392364501953,1305.3331298828125,0.0,1172.78466796875,336.3242492675781,467.3573913574219,Flute
5d040c3b.wav,Flute,652.1165771484375,2.040449857711792,105.17146301269531,416.6163024902344,79.5399398803711,1422.591552734375,0.0,851.884033203125,19.800437927246094,106.61571502685547,Flute
6a037ddf.wav,Flute,105.60411071777344,50.570953369140625,216.07168579101562,231.06468200683594,25.711368560791016,1607.2813720703125,0.0,1112.277099609375,212.54432678222656,278.8886413574219,Flute
35e97db3.wav,Flute,0.0,0.0,416.6929016113281,87.31138610839844,0.0,1240.061279296875,0.0,96.10554504394531,811.3644409179688,2512.171875,Violin_or_fiddle
d14f5df1.wav,Flute,372.67156982421875,0.46706268191337585,272.10357666015625,260.0287170410156,58.359134674072266,1637.064453125,0.0,1045.35546875,20.170637130737305,154.6175079345703,Flute
9f522cda.wav,Flute,95.56486511230469,0.0,234.8913116455078,352.59442138671875,0.0,2079.7080078125,0.0,770.7427978515625,109.19756317138672,354.1287536621094,Flute
fe76c972.wav,Flute,323.84149169921875,2.3142223358154297,394.1612548828125,165.6183624267578,28.895336151123047,1956.169189453125,0.0,996.0401000976562,47.6485710144043,155.44058227539062,Flute
562d93f5.wav,Flute,171.6732177734375,30.348066329956055,331.8411560058594,289.2792053222656,23.873579025268555,1885.32861328125,0.0,871.7035522460938,127.62245178222656,185.32679748535156,Flute
fa32109e.wav,Flute,146.911865234375,14.056863784790039,280.5308532714844,207.74879455566406,8.690058708190918,1888.75537109375,0.0,973.7246704101562,64.27505493164062,186.20204162597656,Flute
b4b2b68d.wav,Flute,467.8526306152344,2.8717782497406006,542.1347045898438,298.8836669921875,198.86741638183594,1711.7354736328125,0.0,811.209228515625,19.304506301879883,96.92546844482422,Flute
af227d6f.wav,Flute,388.2917175292969,2.950258731842041,464.7274169921875,263.37841796875,62.4350471496582,2001.6268310546875,0.0,829.6118774414062,30.302518844604492,187.8103790283203,Flute
85d6a7d2.wav,Flute,473.57781982421875,0.37640681862831116,444.31671142578125,348.02001953125,82.7778549194336,2068.021240234375,0.0,825.4593505859375,17.315675735473633,176.78785705566406,Flute
3707da71.wav,Flute,307.7450866699219,0.0,347.17938232421875,315.4058837890625,11.445561408996582,1604.605224609375,0.0,1124.8370361328125,139.5465850830078,345.86907958984375,Flute
61c914b1.wav,Flute,2.8278932571411133,0.0,20.395198822021484,1613.00634765625,0.0,3381.688232421875,0.0,20.766286849975586,24.496578216552734,853.4783935546875,Flute
f5e20dce.wav,Flute,605.3020629882812,131.13816833496094,652.9186401367188,228.69342041015625,427.5669860839844,844.5556030273438,0.0,477.88311767578125,278.328125,327.63006591796875,Flute
b0d9849d.wav,Flute,180.7912139892578,25.386926651000977,284.0400695800781,291.5738220214844,22.46712875366211,2137.395263671875,0.0,747.7864990234375,92.38481903076172,257.3042297363281,Flute
6ef82473.wav,Flute,441.5616760253906,0.8275068402290344,314.0482177734375,375.8717346191406,120.32615661621094,1380.5079345703125,0.0,993.5349731445312,25.369943618774414,160.880126953125,Flute
8986cced.wav,Flute,98.31617736816406,0.0,12.8024263381958,136.44891357421875,0.0,1141.326416015625,0.0,372.03082275390625,16.967069625854492,366.8137512207031,Flute
a64a3740.wav,Clarinet,0.0,0.0,3.8772408962249756,2574.5517578125,0.0,2003.978759765625,0.0,0.0,0.6348720788955688,1598.41650390625,Clarinet
ad7ec8cb.wav,Clarinet,0.0,0.0,0.0,3055.062255859375,0.0,2136.949951171875,0.0,0.0,0.0,1185.74462890625,Clarinet
8ee44fb5.wav,Clarinet,356.8492431640625,0.0,0.0,1871.1998291015625,0.0,615.3590698242188,0.0,407.1839294433594,0.0,313.5769958496094,Clarinet
7eb959ec.wav,Clarinet,602.8184814453125,27.210119247436523,141.93479919433594,1616.4344482421875,226.7609405517578,417.32177734375,0.0,331.93511962890625,251.39138793945312,157.3611602783203,Clarinet
e51e1770.wav,Clarinet,161.97128295898438,0.0,4.566561222076416,1690.8173828125,0.0,345.39300537109375,0.0,205.82591247558594,31.81574249267578,484.46112060546875,Clarinet
3f7e6da8.wav,Clarinet,199.7387237548828,18.306974411010742,130.45001220703125,1390.5009765625,398.6015625,151.07037353515625,0.0,225.6782989501953,247.2844696044922,51.92701721191406,Clarinet
3cbe9902.wav,Clarinet,603.2459106445312,82.35932159423828,121.63125610351562,1460.4898681640625,460.58880615234375,90.97277069091797,0.0,119.65049743652344,361.7454833984375,208.2082977294922,Clarinet
9a722e53.wav,Clarinet,1346.2838134765625,8.918866157531738,45.668758392333984,2394.08740234375,398.0559997558594,333.1968688964844,0.0,357.4727783203125,69.67568969726562,132.39828491210938,Clarinet
19105b8a.wav,Clarinet,1610.69140625,55.84907531738281,310.6898498535156,1450.2373046875,1109.49365234375,95.261474609375,0.0,61.39719772338867,234.3109130859375,237.54539489746094,Acoustic_guitar
1f81cc2b.wav,Clarinet,345.6872253417969,13.843770980834961,103.52827453613281,1705.123779296875,187.1448211669922,576.2133178710938,0.0,278.4901123046875,203.35696411132812,78.00055694580078,Clarinet
44c5094c.wav,Clarinet,264.4982604980469,0.0,367.2313232421875,1324.7916259765625,10.727876663208008,1264.4317626953125,0.0,337.1103210449219,18.015514373779297,342.0084228515625,Clarinet
5506629f.wav,Clarinet,678.0859985351562,60.74211120605469,293.6663818359375,572.1815795898438,577.6322631835938,331.9338073730469,0.0,962.3898315429688,404.9028625488281,303.5912780761719,Saxophone
ddf23920.wav,Clarinet,23.068790435791016,0.0,2.558201313018799,1713.58349609375,0.0,2184.90625,0.0,0.0,2.9347498416900635,1865.0897216796875,Flute
2e1cd085.wav,Clarinet,0.0,0.0,0.0,2621.329345703125,0.0,1129.69873046875,0.0,0.0,13.658827781677246,933.1021728515625,Clarinet
dc981a38.wav,Clarinet,371.046142578125,9.015273094177246,282.8567199707031,1307.89208984375,223.19671630859375,1142.9168701171875,0.0,318.82464599609375,96.37620544433594,143.10829162597656,Clarinet
a053797b.wav,Clarinet,972.3465576171875,0.0,0.0,2358.973876953125,0.0,276.9977111816406,0.0,660.8080444335938,5.303289890289307,188.63832092285156,Clarinet
f2310f0d.wav,Clarinet,712.0556030273438,44.007450103759766,56.22797775268555,1629.8502197265625,22.809226989746094,114.0292739868164,0.0,586.2661743164062,195.2443084716797,534.1912231445312,Clarinet
ce65d6b5.wav,Clarinet,700.7451782226562,0.0,0.0,1427.7666015625,55.05104446411133,918.2120361328125,0.0,724.739501953125,3.549220085144043,118.71673583984375,Clarinet
45de3233.wav,Clarinet,562.51220703125,90.51211547851562,277.8224792480469,711.1194458007812,498.2906494140625,387.9685974121094,0.0,794.7125854492188,312.4369201660156,222.30210876464844,Saxophone
8916ffcd.wav,Clarinet,809.490234375,0.0,12.14587688446045,2763.194580078125,27.634159088134766,348.77935791015625,0.0,286.65863037109375,26.740686416625977,30.023468017578125,Clarinet
e43f7db2.wav,Clarinet,54.091678619384766,0.0,434.3728942871094,532.8511352539062,0.0,1003.01220703125,0.0,463.37213134765625,102.6712417602539,1085.4400634765625,Violin_or_fiddle
3c66098d.wav,Clarinet,0.0,0.0,13.07713508605957,1720.5296630859375,0.0,3474.309814453125,0.0,0.0,0.0,797.2747192382812,Flute
ad42e493.wav,Clarinet,1028.892822265625,0.0,4.150908470153809,2554.214111328125,0.0,393.1241760253906,0.0,707.0535278320312,11.547491073608398,56.15157699584961,Clarinet
740e5bb7.wav,Clarinet,468.3948974609375,93.49544525146484,274.7037658691406,1199.1429443359375,355.6380310058594,393.93157958984375,0.0,342.7754821777344,340.1811218261719,207.01486206054688,Clarinet
800b401e.wav,Clarinet,1647.3212890625,69.3230972290039,393.7062683105469,718.845703125,1085.9281005859375,259.4277648925781,0.0,816.978515625,208.44915771484375,243.99069213867188,Acoustic_guitar
3c713bcf.wav,Clarinet,30.002134323120117,37.76213073730469,153.66366577148438,363.89453125,40.69813919067383,426.3970031738281,0.0,984.8482666015625,424.0581970214844,131.9217071533203,Saxophone
2fc00271.wav,Clarinet,1231.2548828125,8.396015167236328,34.87489700317383,2818.049072265625,467.2974548339844,93.66714477539062,0.0,109.03329467773438,104.60614776611328,148.13893127441406,Clarinet
b0c06255.wav,Clarinet,1176.5146484375,11.240893363952637,187.49122619628906,1741.4527587890625,307.6734313964844,614.4940185546875,0.0,289.35125732421875,57.49333572387695,277.0287170410156,Clarinet
71c6451f.wav,Clarinet,33.28961181640625,0.0,7.612743854522705,529.2887573242188,0.0,1675.0064697265625,0.0,887.350341796875,1.504788875579834,363.2416687011719,Flute
5de123c3.wav,Clarinet,31.74266242980957,0.0,33.581886291503906,2182.98291015625,0.0,1095.61669921875,0.0,61.551170349121094,12.332979202270508,269.6601867675781,Clarinet
